id,customer_id,created_at,amount
1,154-1441,1/5/2021,338.4
2,977-0503,5/18/2021,263.87
3,144-1512,2/24/2021,371.29
4,951-1957,1/8/2021,306.72
5,861-2180,3/1/2021,111.77
6,187-5818,5/14/2021,476.08
7,936-2044,2/12/2021,457.44
8,292-5081,4/3/2021,317.12
9,612-7881,2/12/2021,398.46
10,917-0772,2/27/2021,115.52
11,010-5531,3/30/2021,16.75
12,210-7763,4/4/2021,433.23
13,671-8296,1/9/2021,308.73
14,865-3008,4/11/2021,388.28
15,891-4315,3/6/2021,237.39
16,791-2931,4/24/2021,
17,461-1668,2/14/2021,107.74
18,279-3719,5/31/2021,20.0
19,388-2756,2/2/2021,97.64
20,892-8650,4/26/2021,241.63
21,461-4583,6/6/2021,
22,545-8734,4/8/2021,429.33
23,327-5510,4/5/2021,89.72
24,884-1067,5/1/2021,265.85
25,775-0358,4/10/2021,305.04
26,748-8872,2/16/2021,314.61
27,276-2814,6/5/2021,338.4
28,349-4239,3/26/2021,356.34
29,832-9563,3/31/2021,
30,537-4917,1/6/2021,410.02
31,747-9948,5/11/2021,307.1
32,699-3447,2/13/2021,284.35
33,616-2221,3/23/2021,431.5
34,928-9956,2/11/2021,135.63
35,953-4585,4/12/2021,378.09
36,742-8276,2/3/2021,47.07
37,716-9875,4/26/2021,103.26
38,905-7767,4/24/2021,
39,461-6266,3/16/2021,179.56
40,731-1291,1/3/2021,160.75
41,528-7959,5/15/2021,462.48
42,199-7337,1/20/2021,135.91
43,045-5821,6/13/2021,445.49
44,957-0340,4/9/2021,418.16
45,026-6294,6/23/2021,
46,553-0842,4/25/2021,17.17
47,501-5976,2/7/2021,458.59
48,221-3318,4/16/2021,238.64
49,851-5417,2/2/2021,377.98
50,883-1530,5/9/2021,
51,186-5935,3/30/2021,34.35
52,075-0506,3/30/2021,49.04
53,434-5575,4/19/2021,374.25
54,269-1488,3/4/2021,66.81
55,173-7097,1/8/2021,406.64
56,207-4238,2/12/2021,108.59
57,997-9345,5/23/2021,279.44
58,527-3836,4/22/2021,411.8
59,840-7872,6/28/2021,
60,705-4243,4/26/2021,268.68
61,218-5594,1/22/2021,298.15
62,545-0403,6/24/2021,318.76
63,832-6272,6/24/2021,391.9
64,477-5948,1/1/2021,308.39
65,312-1068,2/28/2021,149.89
66,738-5177,6/6/2021,194.97
67,484-8354,5/21/2021,15.4
68,005-1664,1/3/2021,26.16
69,330-9136,4/22/2021,320.69
70,996-9450,2/10/2021,497.31
71,804-7496,1/17/2021,481.64
72,929-4803,5/28/2021,345.95
73,430-5790,3/19/2021,279.34
74,136-0038,5/20/2021,140.81
75,346-2834,1/22/2021,395.33
76,639-0057,5/11/2021,203.4
77,679-1596,1/19/2021,106.06
78,740-3921,3/16/2021,452.87
79,802-5063,5/5/2021,461.35
80,461-5477,3/29/2021,107.96
81,751-6340,3/8/2021,267.87
82,689-2156,2/10/2021,258.14
83,506-9126,1/1/2021,137.73
84,118-2833,3/6/2021,468.63
85,590-0731,4/9/2021,75.29
86,572-1243,2/23/2021,157.0
87,832-5443,3/30/2021,369.02
88,703-5094,4/28/2021,284.76
89,293-9905,2/5/2021,345.4
90,579-6969,1/2/2021,27.9
91,834-8855,2/19/2021,339.7
92,785-4489,3/18/2021,436.75
93,835-5802,3/9/2021,250.27
94,660-7351,3/13/2021,389.31
95,954-0978,2/15/2021,
96,683-9066,2/20/2021,322.06
97,617-0728,5/19/2021,87.01
98,631-2720,1/31/2021,192.14
99,921-0267,1/26/2021,254.71
100,887-1456,1/18/2021,225.87
101,506-5830,4/14/2021,
102,871-5983,1/18/2021,
103,194-5375,2/19/2021,90.35
104,341-9620,2/27/2021,203.86
105,083-8151,5/6/2021,480.59
106,594-0570,1/24/2021,380.65
107,612-1874,5/17/2021,448.21
108,818-7824,5/30/2021,183.36
109,658-5248,5/28/2021,395.22
110,935-3486,4/3/2021,158.03
111,109-5711,2/14/2021,239.5
112,357-4772,6/2/2021,282.47
113,320-4989,1/4/2021,393.85
114,103-7150,2/26/2021,309.9
115,484-4976,5/9/2021,481.56
116,429-5816,2/1/2021,154.89
117,514-8812,4/7/2021,377.0
118,036-1636,2/2/2021,330.04
119,297-2319,6/2/2021,243.17
120,671-3705,2/5/2021,172.52
121,005-5852,5/28/2021,320.83
122,388-0444,2/5/2021,360.78
123,491-2223,6/26/2021,72.1
124,510-3211,2/27/2021,76.97
125,805-8620,2/21/2021,422.51
126,251-3098,3/30/2021,77.39
127,239-3455,4/4/2021,444.31
128,030-5724,4/1/2021,316.16
129,551-9338,1/21/2021,437.24
130,313-5346,6/7/2021,63.14
131,353-7934,3/15/2021,332.25
132,534-1569,4/14/2021,
133,440-4675,4/17/2021,434.49
134,690-4943,4/8/2021,374.49
135,953-6434,1/15/2021,116.4
136,356-6573,6/28/2021,306.08
137,438-9484,1/12/2021,60.35
138,030-2847,2/19/2021,301.07
139,577-0851,4/13/2021,14.79
140,100-8557,5/12/2021,359.8
141,473-7998,3/18/2021,302.07
142,767-9473,3/8/2021,219.59
143,010-4866,3/29/2021,119.35
144,094-4594,5/1/2021,224.9
145,706-6394,1/29/2021,249.08
146,503-6626,3/16/2021,279.41
147,435-1414,3/4/2021,294.71
148,456-3547,3/31/2021,217.34
149,043-6321,1/23/2021,200.98
150,317-5884,3/10/2021,254.35
151,424-6024,4/18/2021,123.57
152,331-2256,1/20/2021,345.91
153,195-0725,5/23/2021,166.06
154,977-4301,1/12/2021,103.43
155,292-4989,6/14/2021,374.41
156,526-9308,2/5/2021,484.55
157,995-2213,2/14/2021,498.61
158,260-7882,1/7/2021,198.25
159,423-2442,2/2/2021,113.39
160,459-4365,5/9/2021,324.36
161,531-6159,1/26/2021,410.86
162,879-7705,4/16/2021,220.4
163,124-3722,6/19/2021,344.6
164,517-8146,4/5/2021,379.05
165,325-8859,4/7/2021,
166,996-9621,5/4/2021,332.12
167,324-4767,4/10/2021,61.31
168,049-0941,2/6/2021,
169,800-6065,3/15/2021,464.29
170,252-7616,2/21/2021,213.9
171,878-3269,3/15/2021,479.59
172,226-3698,6/4/2021,236.09
173,986-7742,6/4/2021,74.34
174,668-7474,3/13/2021,352.13
175,295-4006,2/9/2021,71.12
176,038-5080,6/11/2021,
177,950-5792,1/13/2021,261.22
178,696-0773,3/28/2021,57.18
179,065-0189,5/6/2021,162.28
180,746-6868,6/7/2021,76.59
181,951-1041,4/21/2021,139.56
182,662-2988,3/16/2021,216.92
183,433-8997,5/12/2021,309.02
184,114-5967,2/3/2021,382.17
185,886-7865,4/3/2021,53.56
186,785-4265,4/28/2021,306.98
187,348-3128,6/28/2021,432.2
188,415-1551,5/28/2021,460.63
189,362-2086,2/19/2021,111.88
190,056-0669,6/25/2021,25.41
191,041-4978,6/4/2021,58.67
192,762-4755,1/22/2021,462.72
193,216-5482,6/9/2021,92.69
194,727-4065,4/13/2021,491.69
195,789-5255,4/26/2021,423.32
196,161-7299,5/14/2021,482.4
197,954-6927,3/14/2021,12.89
198,665-0581,3/26/2021,206.78
199,777-8447,6/25/2021,486.85
200,136-4100,1/20/2021,293.44
201,998-1130,2/19/2021,394.66
202,645-8460,4/30/2021,25.6
203,639-7435,1/22/2021,400.43
204,990-1295,3/22/2021,
205,803-1945,4/22/2021,217.6
206,576-2954,2/9/2021,
207,031-2698,2/10/2021,17.21
208,783-6416,5/26/2021,187.3
209,968-4033,4/8/2021,199.09
210,743-7486,2/13/2021,462.89
211,147-4737,4/13/2021,196.03
212,218-2944,6/17/2021,485.8
213,452-4093,4/15/2021,440.42
214,743-5764,1/16/2021,158.05
215,021-6949,3/27/2021,63.22
216,376-0455,3/21/2021,228.76
217,371-6156,4/7/2021,245.52
218,115-7038,3/22/2021,81.72
219,712-5631,6/8/2021,317.25
220,908-1842,5/15/2021,408.44
221,896-5943,5/23/2021,324.79
222,892-9339,4/14/2021,57.61
223,842-2319,6/29/2021,21.27
224,839-5587,4/28/2021,158.53
225,179-1354,2/21/2021,266.67
226,582-8501,2/5/2021,463.79
227,273-3540,3/26/2021,125.54
228,880-8594,5/17/2021,204.63
229,203-5324,2/23/2021,312.3
230,561-1890,1/1/2021,327.69
231,171-4508,3/30/2021,25.28
232,734-9086,3/5/2021,172.56
233,345-9989,5/3/2021,217.28
234,741-5883,3/19/2021,367.83
235,777-3980,4/14/2021,457.59
236,272-7268,2/14/2021,454.3
237,307-2515,1/8/2021,425.0
238,302-5795,3/1/2021,248.34
239,377-8133,3/28/2021,250.2
240,713-9655,5/9/2021,131.04
241,003-9368,3/27/2021,
242,637-4724,5/4/2021,412.28
243,077-6584,4/19/2021,296.81
244,431-3343,2/23/2021,191.9
245,940-7980,6/20/2021,29.57
246,173-8427,3/20/2021,455.07
247,273-2515,1/29/2021,442.43
248,830-6318,1/23/2021,
249,526-7755,1/7/2021,105.59
250,233-7238,4/30/2021,453.12
251,659-3717,5/28/2021,165.21
252,672-4780,1/11/2021,70.82
253,572-7097,3/2/2021,210.0
254,302-1246,4/19/2021,107.83
255,844-0472,1/10/2021,424.98
256,225-4047,2/14/2021,373.01
257,330-6439,2/16/2021,240.9
258,010-6460,6/6/2021,274.93
259,619-1565,4/7/2021,150.5
260,561-2670,6/12/2021,363.11
261,565-6835,5/11/2021,396.73
262,673-9549,6/13/2021,427.24
263,774-0867,6/24/2021,462.57
264,790-2220,1/26/2021,341.45
265,023-3422,3/14/2021,424.65
266,370-1808,2/2/2021,390.5
267,916-7728,1/15/2021,107.4
268,009-4759,6/22/2021,81.04
269,847-3804,3/24/2021,155.78
270,742-4822,2/19/2021,189.37
271,764-0616,2/4/2021,411.83
272,104-3314,2/11/2021,120.69
273,224-0168,2/27/2021,215.39
274,851-4120,5/4/2021,383.81
275,708-6533,3/29/2021,
276,268-5306,5/16/2021,265.75
277,231-2870,1/26/2021,297.62
278,251-4630,6/13/2021,11.25
279,074-3772,4/25/2021,200.57
280,666-3323,5/15/2021,312.16
281,684-7771,6/6/2021,419.12
282,915-3333,4/2/2021,232.08
283,842-0015,2/25/2021,183.63
284,930-7079,3/2/2021,312.98
285,729-2994,3/8/2021,237.31
286,038-9682,6/29/2021,168.09
287,232-9868,2/20/2021,362.15
288,312-9710,3/28/2021,371.73
289,815-0908,2/24/2021,447.29
290,299-8722,4/2/2021,239.74
291,914-3454,2/25/2021,231.25
292,250-2638,5/29/2021,114.62
293,924-5306,5/5/2021,338.13
294,022-5229,4/21/2021,255.91
295,243-0849,4/5/2021,472.63
296,721-4028,3/1/2021,121.54
297,448-6101,2/17/2021,160.17
298,280-3351,6/29/2021,188.96
299,787-8986,2/10/2021,302.15
300,969-6283,6/18/2021,246.56
301,335-8248,5/20/2021,
302,098-7999,2/28/2021,211.03
303,471-9349,2/4/2021,270.62
304,378-5255,1/4/2021,287.36
305,201-6207,6/25/2021,305.59
306,203-8082,5/25/2021,259.08
307,570-6077,1/16/2021,79.24
308,437-5726,5/4/2021,94.14
309,815-3396,5/11/2021,
310,405-0590,4/3/2021,452.99
311,518-3881,3/3/2021,177.65
312,788-5865,1/10/2021,469.59
313,191-5021,6/14/2021,207.7
314,131-6289,6/13/2021,149.71
315,210-5257,3/3/2021,210.86
316,610-5079,4/4/2021,149.47
317,614-2940,5/5/2021,449.56
318,312-0352,4/15/2021,243.77
319,679-9435,5/11/2021,319.39
320,818-4062,2/21/2021,83.39
321,380-5162,4/14/2021,29.93
322,519-0338,5/16/2021,323.6
323,266-8859,6/1/2021,286.95
324,867-9214,5/6/2021,63.72
325,506-9995,3/28/2021,275.63
326,681-2255,2/8/2021,423.81
327,651-3070,6/29/2021,
328,885-8412,5/14/2021,191.3
329,411-5314,4/1/2021,437.53
330,978-8168,5/22/2021,139.97
331,757-5456,3/6/2021,104.41
332,796-8175,1/1/2021,424.5
333,283-9444,4/26/2021,446.32
334,670-0557,4/15/2021,53.34
335,459-2177,5/20/2021,395.86
336,562-7294,6/16/2021,449.7
337,361-6812,5/5/2021,251.81
338,737-1376,1/1/2021,215.96
339,764-3177,2/15/2021,81.72
340,538-0974,5/3/2021,158.26
341,422-3607,3/3/2021,304.03
342,807-3240,3/3/2021,406.47
343,695-1786,2/13/2021,240.64
344,159-8272,6/11/2021,354.74
345,620-5737,5/10/2021,
346,220-3801,3/30/2021,378.35
347,794-9033,5/25/2021,247.95
348,061-6311,3/31/2021,258.18
349,193-4509,5/17/2021,226.24
350,821-3470,4/23/2021,201.78
351,720-3890,2/18/2021,433.63
352,569-5584,5/17/2021,121.71
353,227-5223,2/26/2021,42.34
354,268-7273,1/8/2021,245.88
355,469-4625,4/21/2021,45.16
356,722-2528,3/13/2021,245.37
357,192-2043,5/20/2021,426.51
358,876-0305,5/12/2021,
359,584-1804,5/31/2021,438.03
360,388-0100,2/17/2021,275.9
361,290-9207,2/26/2021,486.19
362,662-6346,2/10/2021,486.86
363,975-4323,5/7/2021,451.41
364,192-0905,4/7/2021,60.59
365,491-5266,1/23/2021,360.71
366,027-2068,4/26/2021,167.09
367,112-8023,5/18/2021,18.79
368,198-7212,4/6/2021,294.97
369,821-5652,3/17/2021,41.35
370,250-0510,6/24/2021,30.04
371,210-8426,2/1/2021,377.8
372,190-2229,1/5/2021,21.59
373,470-1422,2/4/2021,18.39
374,331-9665,4/12/2021,370.77
375,111-0830,5/29/2021,16.01
376,270-5205,5/13/2021,488.71
377,700-2269,1/26/2021,400.94
378,001-8442,5/20/2021,325.44
379,737-1086,4/16/2021,262.44
380,004-0919,2/5/2021,235.98
381,949-0253,3/23/2021,231.37
382,432-0561,4/6/2021,101.56
383,665-8946,3/26/2021,469.87
384,327-1327,6/12/2021,365.08
385,649-8788,6/20/2021,120.3
386,562-3337,3/12/2021,105.89
387,404-1250,3/28/2021,309.48
388,489-2262,2/16/2021,249.43
389,810-2322,6/3/2021,
390,184-0202,1/11/2021,170.32
391,602-3901,2/21/2021,419.97
392,220-5412,6/2/2021,423.82
393,035-8972,1/5/2021,
394,067-7589,5/3/2021,87.62
395,544-7132,2/1/2021,252.06
396,220-9135,1/27/2021,216.27
397,271-8260,5/10/2021,497.67
398,447-9330,3/29/2021,108.02
399,517-1383,1/10/2021,403.56
400,991-7464,2/12/2021,425.71
401,636-3541,6/4/2021,31.76
402,482-2962,3/31/2021,250.71
403,850-1721,5/5/2021,413.19
404,052-2691,5/20/2021,216.47
405,811-8089,3/13/2021,481.28
406,218-9666,6/27/2021,398.71
407,260-8712,1/31/2021,263.5
408,978-3816,3/12/2021,25.58
409,638-0508,3/8/2021,228.32
410,376-0103,6/21/2021,250.64
411,474-6054,4/21/2021,352.65
412,262-2543,4/8/2021,209.26
413,527-8430,5/30/2021,236.99
414,524-8358,3/23/2021,133.4
415,939-0773,3/10/2021,316.25
416,967-3278,3/18/2021,96.92
417,869-7406,3/17/2021,299.73
418,479-4890,6/20/2021,102.62
419,129-8690,2/11/2021,36.12
420,804-0143,1/22/2021,217.46
421,719-1921,5/17/2021,364.39
422,930-1310,3/5/2021,18.22
423,875-3510,3/8/2021,92.33
424,924-4859,2/11/2021,441.22
425,151-8187,6/19/2021,403.11
426,797-0862,5/15/2021,274.04
427,471-1150,4/18/2021,400.74
428,214-6495,3/31/2021,108.22
429,345-5334,2/8/2021,433.8
430,680-2871,2/28/2021,344.41
431,490-6838,1/31/2021,41.21
432,150-3621,5/25/2021,395.82
433,140-5575,5/13/2021,398.1
434,082-4486,3/30/2021,235.17
435,850-1466,1/19/2021,488.59
436,458-0490,4/21/2021,164.91
437,749-5316,5/31/2021,455.24
438,421-4372,3/10/2021,71.7
439,494-4047,1/16/2021,278.48
440,762-1292,1/1/2021,314.64
441,528-2005,4/6/2021,151.1
442,176-9748,3/23/2021,264.02
443,563-3319,4/30/2021,275.93
444,896-3327,4/10/2021,20.1
445,280-5107,3/29/2021,435.02
446,962-8651,6/6/2021,234.1
447,284-9203,2/28/2021,405.22
448,506-2679,2/18/2021,345.64
449,824-1749,6/26/2021,63.62
450,769-7707,6/4/2021,158.08
451,629-1950,1/19/2021,328.85
452,437-1081,6/2/2021,310.14
453,628-4765,2/25/2021,277.67
454,053-7537,4/29/2021,
455,536-0051,2/26/2021,
456,434-4751,1/30/2021,383.63
457,449-2311,6/17/2021,97.52
458,213-2714,3/22/2021,266.15
459,057-6922,4/8/2021,398.86
460,558-9604,6/2/2021,269.74
461,201-5655,4/12/2021,
462,154-7615,5/17/2021,461.45
463,979-1376,2/8/2021,143.26
464,528-7557,4/6/2021,273.77
465,198-0936,5/15/2021,371.08
466,490-9682,5/15/2021,284.89
467,310-1142,5/14/2021,188.36
468,604-1882,4/4/2021,321.65
469,867-6266,2/4/2021,184.49
470,165-9176,2/24/2021,302.22
471,844-8411,3/24/2021,109.87
472,958-7484,5/13/2021,39.74
473,396-1792,2/6/2021,116.11
474,830-0210,1/29/2021,228.96
475,130-3028,3/24/2021,492.61
476,007-8297,6/7/2021,427.48
477,889-1604,4/17/2021,423.38
478,591-2191,5/25/2021,55.88
479,745-9285,1/13/2021,271.06
480,922-9410,2/17/2021,425.23
481,017-3680,3/9/2021,392.02
482,152-2114,3/10/2021,57.86
483,427-4929,5/18/2021,407.12
484,339-6684,4/22/2021,125.5
485,516-3439,4/27/2021,90.56
486,645-6506,2/9/2021,227.8
487,296-6621,6/25/2021,169.87
488,245-5225,5/21/2021,316.06
489,880-9154,4/15/2021,321.98
490,008-4981,3/22/2021,177.75
491,125-6795,1/14/2021,81.44
492,573-6803,1/31/2021,208.58
493,361-4801,1/14/2021,437.26
494,746-1006,1/8/2021,476.67
495,956-3120,3/28/2021,264.25
496,586-1739,3/5/2021,274.21
497,627-0850,5/2/2021,304.32
498,104-4476,5/22/2021,324.34
499,726-7494,3/23/2021,29.23
500,021-7442,6/25/2021,18.23
501,563-2749,5/13/2021,304.25
502,445-5213,5/1/2021,384.43
503,776-8770,6/4/2021,393.84
504,896-3521,2/17/2021,470.76
505,316-0426,4/20/2021,194.85
506,012-5835,3/17/2021,39.53
507,133-4270,2/1/2021,
508,269-7676,5/19/2021,27.29
509,658-3451,3/3/2021,394.59
510,144-4124,6/22/2021,425.01
511,148-1972,4/28/2021,234.12
512,259-1659,4/5/2021,212.29
513,299-3771,5/17/2021,294.83
514,981-6203,1/25/2021,120.46
515,889-0041,6/4/2021,357.87
516,263-9872,5/2/2021,392.72
517,181-1988,3/30/2021,91.86
518,436-8140,4/8/2021,201.32
519,080-1178,4/2/2021,203.31
520,635-8765,4/4/2021,245.24
521,382-4825,2/7/2021,472.72
522,039-6124,6/13/2021,40.06
523,123-5266,6/10/2021,277.21
524,036-4851,3/25/2021,222.07
525,818-3424,1/17/2021,
526,612-4952,1/4/2021,409.42
527,104-5452,3/11/2021,356.59
528,831-5721,1/11/2021,117.7
529,135-0174,6/14/2021,28.17
530,491-6887,6/10/2021,366.55
531,408-5299,4/6/2021,279.6
532,687-5747,5/13/2021,436.7
533,702-8684,6/20/2021,155.59
534,704-1099,3/13/2021,100.55
535,738-0878,5/22/2021,193.73
536,508-5559,2/3/2021,169.35
537,619-5705,4/11/2021,30.02
538,130-6812,5/22/2021,413.71
539,399-6817,6/28/2021,221.33
540,632-0034,6/20/2021,433.48
541,458-6752,1/11/2021,122.89
542,127-2511,3/3/2021,444.38
543,188-3631,6/4/2021,378.73
544,632-5881,6/19/2021,376.35
545,190-6817,6/29/2021,417.02
546,102-7013,1/23/2021,
547,817-0579,1/29/2021,395.87
548,500-9015,6/3/2021,174.22
549,201-3678,3/8/2021,20.57
550,234-9438,5/11/2021,96.07
551,490-0810,4/27/2021,489.66
552,576-5604,2/10/2021,
553,605-8808,2/20/2021,165.35
554,749-9532,5/13/2021,297.54
555,159-7380,5/19/2021,108.45
556,820-3469,4/7/2021,130.33
557,756-4741,6/11/2021,38.34
558,484-5084,5/7/2021,496.56
559,942-8570,3/26/2021,120.75
560,659-5249,5/18/2021,317.96
561,978-7293,5/17/2021,191.16
562,653-1307,6/10/2021,452.74
563,072-5993,3/6/2021,197.37
564,081-9918,1/27/2021,124.31
565,013-5626,3/10/2021,451.33
566,662-7486,3/4/2021,275.83
567,948-0719,3/12/2021,212.65
568,172-6825,2/19/2021,78.7
569,042-1663,4/7/2021,96.39
570,552-5027,4/19/2021,445.4
571,081-7997,4/20/2021,181.32
572,505-4654,3/14/2021,202.67
573,771-6173,2/25/2021,89.48
574,871-6590,3/13/2021,384.71
575,912-6238,2/8/2021,196.13
576,703-1109,2/14/2021,381.24
577,109-0802,2/18/2021,18.78
578,969-1408,1/13/2021,97.3
579,839-0766,3/18/2021,84.79
580,960-5377,4/18/2021,341.9
581,976-3952,3/1/2021,26.2
582,223-9068,3/10/2021,473.61
583,850-7130,5/9/2021,195.41
584,602-6713,1/16/2021,36.66
585,902-9104,5/16/2021,
586,700-3949,5/23/2021,400.14
587,407-8740,5/19/2021,74.0
588,218-6173,2/4/2021,40.58
589,810-1465,6/3/2021,241.91
590,894-7972,6/25/2021,445.91
591,906-8741,2/19/2021,453.28
592,687-4497,6/16/2021,386.18
593,838-1642,3/16/2021,288.32
594,120-9556,4/20/2021,479.75
595,075-6595,5/31/2021,35.04
596,287-3710,2/11/2021,371.72
597,381-8141,4/29/2021,389.06
598,664-4133,2/24/2021,
599,906-1109,5/11/2021,334.76
600,886-6953,1/8/2021,166.24
601,854-0502,1/17/2021,372.41
602,507-1771,3/9/2021,253.69
603,168-7322,1/8/2021,402.63
604,557-9073,5/26/2021,344.35
605,672-2010,3/14/2021,225.06
606,956-4659,4/18/2021,223.23
607,014-9354,5/4/2021,374.43
608,880-3430,5/26/2021,16.41
609,142-4218,5/1/2021,302.09
610,328-4165,3/14/2021,283.49
611,877-5397,3/27/2021,499.03
612,822-4209,6/16/2021,98.23
613,492-5905,2/13/2021,418.95
614,524-1647,3/28/2021,100.91
615,711-0843,3/6/2021,484.36
616,619-5148,6/10/2021,259.14
617,292-1858,5/15/2021,105.8
618,165-6626,2/10/2021,12.65
619,844-8687,6/22/2021,365.7
620,697-8453,4/6/2021,121.87
621,234-3554,3/8/2021,477.95
622,144-1592,3/10/2021,312.03
623,116-6994,3/29/2021,231.38
624,245-4855,5/27/2021,98.28
625,825-1966,5/7/2021,368.56
626,865-7035,5/15/2021,388.19
627,355-8259,1/21/2021,427.28
628,660-2910,3/20/2021,207.33
629,715-0210,1/20/2021,93.73
630,899-4521,3/3/2021,406.94
631,226-7954,4/29/2021,310.21
632,880-4221,3/20/2021,416.98
633,565-0740,2/12/2021,245.33
634,902-5322,1/2/2021,88.89
635,467-8786,3/22/2021,
636,246-3409,1/20/2021,315.62
637,141-5158,5/11/2021,23.54
638,436-3641,5/3/2021,
639,870-2706,3/22/2021,329.0
640,364-2812,6/1/2021,303.92
641,982-3582,6/29/2021,81.67
642,589-3431,3/22/2021,154.43
643,440-7852,6/10/2021,95.58
644,743-9423,5/25/2021,175.06
645,398-0759,1/21/2021,451.66
646,192-0706,4/23/2021,50.82
647,666-3383,1/26/2021,198.34
648,155-9769,6/22/2021,446.9
649,255-5020,4/29/2021,46.39
650,180-0264,1/14/2021,185.23
651,248-3579,6/8/2021,251.59
652,343-1231,1/7/2021,153.43
653,566-0739,1/23/2021,441.64
654,423-1709,3/6/2021,313.05
655,248-6603,6/23/2021,63.92
656,691-4486,3/3/2021,130.12
657,549-3943,6/26/2021,394.35
658,545-8509,6/24/2021,276.98
659,508-8726,6/8/2021,139.46
660,600-2530,6/14/2021,475.47
661,178-8334,3/2/2021,305.86
662,415-5491,4/4/2021,196.25
663,557-7350,3/28/2021,309.79
664,679-4783,4/15/2021,104.26
665,295-7521,4/22/2021,385.05
666,076-1709,2/24/2021,262.49
667,963-4763,1/27/2021,101.62
668,655-2282,4/2/2021,407.78
669,875-8357,3/31/2021,485.75
670,841-7095,4/28/2021,481.97
671,705-9773,4/2/2021,66.66
672,414-0029,6/2/2021,
673,007-4032,1/31/2021,17.68
674,970-9934,3/18/2021,296.05
675,214-5071,3/12/2021,36.24
676,600-9928,3/18/2021,332.68
677,896-9034,1/19/2021,35.97
678,651-0402,2/6/2021,83.96
679,505-0671,4/15/2021,161.42
680,746-3714,6/5/2021,31.24
681,587-0847,6/9/2021,30.35
682,516-1608,4/23/2021,184.51
683,295-0969,4/19/2021,185.44
684,205-8166,6/22/2021,403.86
685,500-5361,1/24/2021,431.5
686,459-8350,6/12/2021,296.94
687,003-4971,4/11/2021,367.83
688,997-9854,4/9/2021,377.35
689,032-0645,2/8/2021,105.59
690,157-5388,6/27/2021,129.49
691,709-6295,4/20/2021,49.93
692,553-4851,4/22/2021,164.66
693,227-1972,2/18/2021,151.53
694,220-0584,1/14/2021,208.56
695,512-8744,1/26/2021,361.86
696,506-1198,3/31/2021,430.1
697,884-6110,3/12/2021,124.2
698,286-7944,6/23/2021,67.94
699,244-1901,2/7/2021,142.27
700,225-1275,6/19/2021,422.31
701,711-7955,1/30/2021,52.91
702,308-4784,5/6/2021,379.47
703,485-9321,1/20/2021,260.75
704,753-6255,4/13/2021,491.69
705,445-6228,3/18/2021,69.02
706,535-2606,1/1/2021,
707,895-5931,3/21/2021,391.86
708,855-1786,1/13/2021,261.27
709,622-1100,5/9/2021,313.49
710,046-9896,4/9/2021,
711,473-5620,2/11/2021,
712,196-3841,4/4/2021,121.74
713,483-8640,4/3/2021,63.93
714,972-3649,4/26/2021,178.99
715,774-8752,5/21/2021,294.82
716,060-9864,1/18/2021,448.86
717,928-8343,1/16/2021,403.49
718,009-9551,1/7/2021,
719,720-4206,6/15/2021,63.61
720,993-2953,1/26/2021,358.33
721,108-2812,3/22/2021,206.01
722,465-8295,2/21/2021,446.59
723,664-6420,5/30/2021,333.71
724,681-8327,3/25/2021,72.34
725,332-4731,4/18/2021,481.79
726,298-7592,5/31/2021,385.87
727,890-8102,1/29/2021,302.82
728,288-7725,1/12/2021,155.59
729,545-2657,4/18/2021,
730,134-1962,4/15/2021,236.87
731,566-5384,6/25/2021,111.83
732,625-3639,2/28/2021,423.95
733,430-6755,4/26/2021,197.68
734,102-3048,5/5/2021,179.15
735,684-4603,5/8/2021,325.16
736,150-9445,2/23/2021,392.05
737,788-4417,3/15/2021,421.73
738,547-0219,3/31/2021,429.14
739,440-2437,5/20/2021,
740,363-8455,3/13/2021,163.8
741,518-8589,1/3/2021,222.61
742,302-6324,2/4/2021,291.87
743,068-9056,5/8/2021,107.1
744,035-4651,1/11/2021,43.42
745,315-8615,3/3/2021,229.39
746,766-7406,6/14/2021,19.15
747,658-1093,3/17/2021,300.16
748,802-0953,4/29/2021,349.33
749,109-0741,2/8/2021,342.89
750,241-8619,3/4/2021,73.2
751,947-3861,2/28/2021,316.59
752,636-5000,5/21/2021,116.77
753,924-3371,6/21/2021,60.24
754,948-0358,5/29/2021,148.46
755,776-3418,2/7/2021,
756,784-3638,5/7/2021,173.17
757,788-0473,4/12/2021,384.65
758,061-4166,2/22/2021,460.96
759,752-3228,2/15/2021,33.41
760,992-6135,3/20/2021,407.15
761,985-9100,3/31/2021,176.67
762,957-0920,2/18/2021,399.04
763,342-9667,6/6/2021,357.92
764,608-5016,6/20/2021,
765,632-4453,6/7/2021,225.86
766,912-1539,2/2/2021,39.58
767,223-1342,4/3/2021,455.81
768,322-7711,2/10/2021,54.9
769,813-4790,3/23/2021,274.29
770,945-2242,6/14/2021,279.71
771,706-0948,4/12/2021,57.68
772,489-8304,5/25/2021,98.5
773,815-6415,2/17/2021,295.46
774,796-3157,4/5/2021,375.64
775,348-7303,6/5/2021,166.28
776,150-9339,1/1/2021,110.69
777,581-8770,6/11/2021,309.36
778,915-3633,1/13/2021,36.85
779,818-3188,5/17/2021,290.46
780,705-8176,5/9/2021,354.55
781,732-0780,5/25/2021,144.87
782,509-7636,4/22/2021,453.35
783,843-9461,2/21/2021,214.92
784,475-6894,3/1/2021,11.4
785,604-1723,3/20/2021,200.03
786,071-4042,2/7/2021,15.72
787,999-4424,4/24/2021,188.05
788,065-5363,6/12/2021,420.17
789,090-8481,1/22/2021,176.35
790,309-5306,3/27/2021,
791,595-0074,6/27/2021,458.4
792,634-5768,2/19/2021,265.37
793,993-8384,6/12/2021,44.69
794,152-1248,2/20/2021,443.65
795,144-6143,1/22/2021,473.47
796,438-3927,2/26/2021,355.5
797,975-4430,6/10/2021,271.52
798,536-1314,3/7/2021,73.58
799,453-9685,6/7/2021,184.66
800,295-2065,5/23/2021,407.4
801,477-0867,4/29/2021,191.55
802,424-0156,2/24/2021,397.41
803,273-2063,6/25/2021,304.47
804,230-3153,6/19/2021,58.64
805,724-3162,1/8/2021,87.13
806,724-8477,6/20/2021,198.07
807,693-1091,2/8/2021,159.05
808,094-1596,1/8/2021,60.28
809,780-6453,4/16/2021,224.16
810,446-6817,2/27/2021,386.25
811,732-1035,4/5/2021,187.12
812,958-8941,1/20/2021,191.25
813,997-5371,5/17/2021,149.93
814,107-9619,1/26/2021,156.55
815,220-9426,1/14/2021,375.95
816,630-3369,3/12/2021,39.81
817,442-3899,6/12/2021,142.44
818,008-1658,2/17/2021,102.96
819,583-0022,6/2/2021,348.14
820,927-9609,3/30/2021,202.33
821,048-1689,3/17/2021,202.18
822,751-2360,1/7/2021,34.7
823,392-2797,2/1/2021,98.35
824,795-4454,6/28/2021,222.03
825,453-2013,4/18/2021,264.35
826,672-4143,5/26/2021,66.63
827,705-2258,2/4/2021,70.72
828,829-8164,6/2/2021,
829,947-4555,2/15/2021,86.61
830,802-3851,6/24/2021,307.4
831,760-2835,1/28/2021,445.19
832,419-2507,1/28/2021,262.53
833,904-7026,6/24/2021,73.34
834,887-6289,5/22/2021,
835,935-3061,4/16/2021,28.65
836,812-4689,6/29/2021,157.72
837,780-6215,5/10/2021,260.77
838,036-5786,3/31/2021,189.29
839,051-9561,6/20/2021,470.88
840,166-3595,6/2/2021,111.14
841,708-7847,4/30/2021,151.92
842,948-7538,2/8/2021,115.76
843,768-4289,4/10/2021,
844,404-4528,1/20/2021,174.16
845,992-1409,2/16/2021,448.92
846,396-1723,5/20/2021,439.67
847,778-3074,2/12/2021,221.95
848,420-0623,4/11/2021,324.61
849,521-2298,6/20/2021,
850,496-3147,6/19/2021,430.01
851,203-4731,2/2/2021,165.64
852,724-4334,3/15/2021,461.82
853,828-3807,1/26/2021,324.01
854,999-0719,1/15/2021,417.56
855,944-5520,2/3/2021,252.57
856,719-4754,1/22/2021,277.26
857,699-9435,5/15/2021,122.5
858,467-0650,5/18/2021,20.88
859,715-2101,1/21/2021,229.59
860,042-5663,4/4/2021,
861,579-1611,4/18/2021,93.9
862,242-3826,4/7/2021,243.64
863,627-3812,4/22/2021,324.88
864,930-9947,3/15/2021,100.21
865,974-3496,4/4/2021,430.01
866,338-4555,1/26/2021,146.71
867,163-6804,4/10/2021,158.75
868,124-0013,6/2/2021,335.58
869,948-6788,4/5/2021,397.94
870,076-0374,4/10/2021,435.72
871,195-8080,1/10/2021,279.4
872,651-7278,5/31/2021,194.92
873,117-4757,6/20/2021,295.78
874,491-2674,3/27/2021,327.22
875,355-7003,6/2/2021,122.07
876,638-0157,2/24/2021,273.81
877,857-1933,3/20/2021,80.23
878,451-5285,1/12/2021,458.07
879,618-6169,5/19/2021,247.4
880,834-8547,5/17/2021,
881,322-0018,3/17/2021,335.75
882,929-2827,3/2/2021,51.22
883,114-0776,5/21/2021,454.66
884,451-0910,5/2/2021,46.08
885,577-5589,5/24/2021,61.79
886,452-3823,3/1/2021,329.97
887,532-9656,1/2/2021,102.97
888,047-3929,3/26/2021,56.45
889,966-4489,1/5/2021,376.81
890,352-8681,5/17/2021,118.08
891,249-1255,6/23/2021,44.05
892,142-3014,5/23/2021,295.73
893,062-7855,2/9/2021,63.74
894,689-7104,6/7/2021,358.02
895,794-4243,1/13/2021,425.11
896,849-4076,6/20/2021,99.58
897,312-3386,2/14/2021,54.63
898,109-7983,6/26/2021,
899,936-2951,5/7/2021,295.42
900,095-3307,1/22/2021,77.77
901,411-3757,3/28/2021,149.62
902,063-5027,3/23/2021,170.82
903,426-7889,6/18/2021,16.74
904,645-5433,2/5/2021,403.39
905,898-0620,1/28/2021,105.38
906,501-0032,3/2/2021,449.28
907,702-9534,1/11/2021,184.83
908,948-6207,6/27/2021,343.66
909,845-9470,2/11/2021,320.12
910,221-1818,3/2/2021,362.45
911,206-4695,5/5/2021,89.1
912,403-0430,3/27/2021,45.12
913,407-5550,4/12/2021,103.4
914,050-8656,2/28/2021,201.62
915,543-9664,2/13/2021,262.99
916,061-4848,5/14/2021,
917,274-1864,5/31/2021,255.87
918,577-0460,6/8/2021,
919,399-6057,4/9/2021,435.74
920,634-0888,1/18/2021,
921,032-3580,1/27/2021,434.85
922,968-4916,5/16/2021,77.04
923,636-3106,1/12/2021,170.52
924,463-4510,2/20/2021,393.98
925,776-1120,2/28/2021,314.84
926,803-2199,3/2/2021,362.44
927,610-3959,4/11/2021,426.6
928,791-0994,5/20/2021,430.4
929,838-8352,1/19/2021,489.74
930,517-4922,3/23/2021,
931,317-5062,4/3/2021,255.77
932,009-2803,1/13/2021,142.34
933,402-9981,2/18/2021,214.52
934,485-3503,4/22/2021,415.96
935,208-7957,2/15/2021,277.31
936,729-6941,1/9/2021,490.12
937,471-2058,5/14/2021,179.64
938,539-6780,4/1/2021,418.29
939,699-8540,1/30/2021,478.92
940,044-1036,1/28/2021,119.89
941,152-9637,2/6/2021,294.43
942,803-0239,2/2/2021,329.47
943,414-1828,3/9/2021,135.32
944,594-4367,6/27/2021,93.7
945,227-0364,5/4/2021,454.43
946,470-9936,4/29/2021,405.63
947,298-7177,5/8/2021,386.04
948,156-6517,5/3/2021,386.36
949,092-0838,5/1/2021,317.6
950,802-2854,3/14/2021,465.09
951,240-2567,6/27/2021,346.59
952,638-3558,6/5/2021,453.21
953,511-7087,2/27/2021,202.85
954,453-5884,1/12/2021,
955,737-1048,2/1/2021,329.06
956,320-2592,6/11/2021,
957,712-0875,5/13/2021,492.23
958,795-2315,5/25/2021,446.41
959,291-3679,4/6/2021,168.64
960,561-2627,5/25/2021,422.46
961,491-7944,3/25/2021,41.6
962,471-3983,2/13/2021,412.82
963,824-4096,3/14/2021,292.5
964,533-7093,3/28/2021,42.03
965,615-5695,4/23/2021,476.76
966,528-8397,4/15/2021,20.45
967,734-6387,6/14/2021,123.34
968,346-6996,2/23/2021,42.08
969,232-7996,4/18/2021,208.02
970,120-0471,3/2/2021,321.74
971,669-9100,3/23/2021,303.37
972,696-7724,6/8/2021,471.08
973,399-4595,6/6/2021,
974,514-9313,6/9/2021,
975,462-0603,1/13/2021,451.06
976,309-8906,4/1/2021,308.88
977,066-6946,3/1/2021,470.62
978,785-2821,4/12/2021,33.3
979,157-3260,2/18/2021,40.35
980,570-7813,3/29/2021,143.97
981,269-2032,2/20/2021,160.55
982,394-3610,5/14/2021,257.33
983,325-7879,4/8/2021,323.2
984,288-9685,1/28/2021,161.87
985,307-9016,4/20/2021,443.5
986,110-9856,5/9/2021,388.97
987,023-2258,5/22/2021,26.34
988,797-9433,1/14/2021,435.31
989,005-5061,6/4/2021,104.02
990,391-1587,5/26/2021,83.56
991,170-7225,5/25/2021,441.44
992,230-7033,2/26/2021,328.97
993,693-6391,3/2/2021,240.81
994,616-3373,1/19/2021,390.08
995,587-3892,2/19/2021,340.03
996,718-9224,4/20/2021,
997,411-5134,6/26/2021,12.36
998,935-8193,1/31/2021,415.44
999,067-7893,2/5/2021,394.93
1000,113-8939,4/5/2021,54.9
